slug,artistname,year,date,date-added,series,venue,radio,cancelled,performers,setlist,setlist-source,support,poster-url,ticket-url,venue-url,notes
galaxie-500,Galaxie 500,1987,Sat Aug 29 1987 00:00:00 GMT+0100 (British Summer Time),,,"248 Front St, New York, NY, USA",,,Dean Wareham - guitar/vocals|Naomi Yang - bass/vocals|Damon Krukowski - drums,,,,https://media.fullofwishes.co.uk/01-galaxie_500/show_assets/1987-08-29/19870829_galaxie500.jpg,,,"Galaxie 500's first ever show.At summer's end we played a gig at my apartment on Front Street. Naomi made up little flyers for the event.It was the best gig of my life. I didn't break a string. I didn't forget the words. We played for 20 minutes, and it was just perfect.Dean Wareham, Black Postcards. Penguin Press; 2008.we definitely played &quot;Knockin&#39; on Heaven&#39;s Door&quot; and likely &quot;Walking Song&quot; and &quot;On the Floor&quot; and possibly &quot;Where Have all the Flowers Gone&quot; and &quot;I Can See Clearly Now the Rain is Gone&quot; Dean Wareham (@WarehamDean), 29th August 2019"
galaxie-500,Galaxie 500,1987,Thu Oct 01 1987 00:00:00 GMT+0100 (British Summer Time),,,"Chets Last Call, Boston, MA, USA",,,Dean Wareham - guitar/vocals|Naomi Yang - bass/vocals|Damon Krukowski - drums,,,,,,,
galaxie-500,Galaxie 500,1987,Wed Nov 11 1987 00:00:00 GMT+0000 (Greenwich Mean Time),,,"Green Street Station, Boston, MA, USA",,,Dean Wareham - guitar/vocals|Naomi Yang - bass/vocals|Damon Krukowski - drums,,,,,,,
galaxie-500,Galaxie 500,1987,Fri Nov 13 1987 00:00:00 GMT+0000 (Greenwich Mean Time),,,"Chets Last Call, Boston, MA, USA",,,Dean Wareham - guitar/vocals|Naomi Yang - bass/vocals|Damon Krukowski - drums,,,,,,,
galaxie-500,Galaxie 500,1987,Fri Nov 27 1987 00:00:00 GMT+0000 (Greenwich Mean Time),,,"Hue Bar, New York, NY, USA",,,Dean Wareham - guitar/vocals|Naomi Yang - bass/vocals|Damon Krukowski - drums,,,,,,,
galaxie-500,Galaxie 500,1987,Mon Dec 07 1987 00:00:00 GMT+0000 (Greenwich Mean Time),,,"Chets Last Call, Boston, MA, USA",,,Dean Wareham - guitar/vocals|Naomi Yang - bass/vocals|Damon Krukowski - drums,,,,,,,
galaxie-500,Galaxie 500,1988,Fri Jan 01 1988 00:00:00 GMT+0000 (Greenwich Mean Time),,,"TT The Bears, Cambridge, MA, USA",,,Dean Wareham - guitar/vocals|Naomi Yang - bass/vocals|Damon Krukowski - drums,,,,,,,DW: “A Wednesday that January”
galaxie-500,Galaxie 500,1988,Fri Jan 01 1988 00:00:00 GMT+0000 (Greenwich Mean Time),,,"Upstairs at The Rat, Boston, MA, USA",,,Dean Wareham - guitar/vocals|Naomi Yang - bass/vocals|Damon Krukowski - drums,,,,,,,DW: “A Saturday that January”
galaxie-500,Galaxie 500,1988,Sun Jan 24 1988 00:00:00 GMT+0000 (Greenwich Mean Time),,,"Salon des Artistes, New York, NY, USA",,,Dean Wareham - guitar/vocals|Naomi Yang - bass/vocals|Damon Krukowski - drums,,,,,,,
galaxie-500,Galaxie 500,1988,Thu Feb 04 1988 00:00:00 GMT+0000 (Greenwich Mean Time),,,"Green Street Station, Jamaica Plain, MA, USA",,,Dean Wareham - guitar/vocals|Naomi Yang - bass/vocals|Damon Krukowski - drums,,,,,,,
galaxie-500,Galaxie 500,1988,Tue Mar 01 1988 00:00:00 GMT+0000 (Greenwich Mean Time),,,"Bunratty's, Boston, MA, USA",,,Dean Wareham - guitar/vocals|Naomi Yang - bass/vocals|Damon Krukowski - drums,,,,,,,DW: “Bunratty’s on a Monday”
galaxie-500,Galaxie 500,1988,Tue Mar 01 1988 00:00:00 GMT+0000 (Greenwich Mean Time),,,"Rat, Boston MA, USA",,,Dean Wareham - guitar/vocals|Naomi Yang - bass/vocals|Damon Krukowski - drums,,,,,,,DW: “Thursday at The Rat opening for Incredible Casuals”
galaxie-500,Galaxie 500,1988,Tue Mar 01 1988 00:00:00 GMT+0000 (Greenwich Mean Time),,,"TT The Bears, Cambridge, MA, USA",,,Dean Wareham - guitar/vocals|Naomi Yang - bass/vocals|Damon Krukowski - drums,,,,,,,DW: “A Wednesday that January”
galaxie-500,Galaxie 500,1988,Sat Mar 05 1988 00:00:00 GMT+0000 (Greenwich Mean Time),,,"Green Street Station, Jamaica Plain, MA, USA",,,Dean Wareham - guitar/vocals|Naomi Yang - bass/vocals|Damon Krukowski - drums,,,,,,,
galaxie-500,Galaxie 500,1988,Sat Mar 19 1988 00:00:00 GMT+0000 (Greenwich Mean Time),,,"The Middle East, Cambridge, MA, USA",,,Dean Wareham - guitar/vocals|Naomi Yang - bass|Damon Krukowski - drums,Oblivious|I Can't Believe It's Me|Back in Your Life|Buzz in My Head,,,,,,DW: “Opening for Beat Happening”
galaxie-500,Galaxie 500,1988,Fri Apr 22 1988 00:00:00 GMT+0100 (British Summer Time),,,"Green Street Station, Boston MA, USA",,,Dean Wareham - guitar/vocals|Naomi Yang - bass/vocals|Damon Krukowski - drums,,,,,,,
galaxie-500,Galaxie 500,1988,Fri Apr 29 1988 00:00:00 GMT+0100 (British Summer Time),,,"TT the Bears, Cambridge MA, USA",,,Dean Wareham - guitar/vocals|Naomi Yang - bass/vocals|Damon Krukowski - drums,,,,,,,Record release party with Lemonheads and Nixon Head
galaxie-500,Galaxie 500,1988,Fri May 27 1988 00:00:00 GMT+0100 (British Summer Time),,,"Green St Station, Jamaica Plain, MA, USA",,,Dean Wareham - guitar/vocals|Naomi Yang - bass/vocals|Damon Krukowski - drums,,,,,,,
galaxie-500,Galaxie 500,1988,Sun May 29 1988 00:00:00 GMT+0100 (British Summer Time),,,"Green St Station, Jamaica Plain, MA, USA",,,Dean Wareham - guitar/vocals|Naomi Yang - bass/vocals|Damon Krukowski - drums,,,,,,,"Benefit with Big Daddy Cool and the JP Flames, Slaughter Shack, Madding Crowd, Hullabaloo,Xanna Don’t, Galaxie 500, Nobody Home and readings by Kenne Highland, Billy Ruane and Jeff Gagnon"
galaxie-500,Galaxie 500,1988,Wed Jun 01 1988 00:00:00 GMT+0100 (British Summer Time),,,"Rat, Boston MA, USA",,,Dean Wareham - guitar/vocals|Naomi Yang - bass/vocals|Damon Krukowski - drums,,,,,,,DW: “Record release party for Gigolo Aunts”
galaxie-500,Galaxie 500,1988,Thu Sep 22 1988 00:00:00 GMT+0100 (British Summer Time),,,"Green St Station, Jamaica Plain, MA, USA",,,Dean Wareham - guitar/vocals|Naomi Yang - bass/vocals|Damon Krukowski - drums,,,,,,,
galaxie-500,Galaxie 500,1988,Fri Oct 21 1988 00:00:00 GMT+0100 (British Summer Time),,,"Rat, Boston MA, USA",,,Dean Wareham - guitar/vocals|Naomi Yang - bass/vocals|Damon Krukowski - drums,,,,,,,"“Celebrating the release of the album TODAY by GALAXIE 500”Aurora Records album launch party with Bitch Magnet, Salem 66 and The Cavedogs"
galaxie-500,Galaxie 500,1988,Thu Nov 03 1988 00:00:00 GMT+0000 (Greenwich Mean Time),,,"Green St Station, Jamaica Plain, MA, USA",,,Dean Wareham - guitar/vocals|Naomi Yang - bass/vocals|Damon Krukowski - drums,,,,,,,
galaxie-500,Galaxie 500,1988,Fri Nov 11 1988 00:00:00 GMT+0000 (Greenwich Mean Time),,,"Lobdell Dining Hall, Stratton Stu, Boston MA, USA",,,Dean Wareham - guitar/vocals|Naomi Yang - bass/vocals|Damon Krukowski - drums,,,,,,,
galaxie-500,Galaxie 500,1988,Tue Dec 13 1988 00:00:00 GMT+0000 (Greenwich Mean Time),,,"CBGBs, New York NY, USA",,,Dean Wareham - guitar/vocals|Naomi Yang - bass/vocals|Damon Krukowski - drums,,,,,,,Benefit for See/Hear. Supporting Sonic Youth and B.A.L.L.
galaxie-500,Galaxie 500,1988,Fri Dec 16 1988 00:00:00 GMT+0000 (Greenwich Mean Time),,,"Rat, Boston MA, USA",,,Dean Wareham - guitar/vocals|Naomi Yang - bass/vocals|Damon Krukowski - drums,Tugboat|Oblivious|Parking Lot|Don't Let Our Youth Go to Waste|When Will You Come Home|I Wanna Live|Flowers|Temperature's Rising,,,,,,"Supporting The Pixies.This was in the database as a show from December 1987 but having listened to it evidence suggests that its probably from a year later.In the show Dean mentions asks if anyone has their album which wasnt released until October 1988, and he also shouts "stick around for The Pixies" at the end."
galaxie-500,Galaxie 500,1989,Sat Feb 25 1989 00:00:00 GMT+0000 (Greenwich Mean Time),,,"Rat, Boston MA, USA",,,Dean Wareham - guitar/vocals|Naomi Yang - bass/vocals|Damon Krukowski - drums,,,,,,,
galaxie-500,Galaxie 500,1989,Sat Mar 18 1989 00:00:00 GMT+0000 (Greenwich Mean Time),,,"Rat, Boston MA, USA",,,Dean Wareham - guitar/vocals|Naomi Yang - bass/vocals|Damon Krukowski - drums,,,,,,,DW: “Opening for Flaming Lips”
galaxie-500,Galaxie 500,1989,Wed Mar 29 1989 00:00:00 GMT+0100 (British Summer Time),,,"Cabaret Metro, Chicago, IL, USA",,,Dean Wareham - guitar/vocals|Naomi Yang - bass/vocals|Damon Krukowski - drums,,,,,,,
galaxie-500,Galaxie 500,1989,Fri Mar 31 1989 00:00:00 GMT+0100 (British Summer Time),,,"Furst Rock, St Louis, MO, USA",,,Dean Wareham - guitar/vocals|Naomi Yang - bass/vocals|Damon Krukowski - drums,,,,,,,Two sets
galaxie-500,Galaxie 500,1989,Sat Apr 01 1989 00:00:00 GMT+0100 (British Summer Time),,,"Top Hat, Newport, KY, USA",,,Dean Wareham - guitar/vocals|Naomi Yang - bass/vocals|Damon Krukowski - drums,,,,,,,
galaxie-500,Galaxie 500,1989,Mon Apr 03 1989 00:00:00 GMT+0100 (British Summer Time),,,"Wrocklage, Lexington, KY, USA",,,Dean Wareham - guitar/vocals|Naomi Yang - bass/vocals|Damon Krukowski - drums,,,,https://media.fullofwishes.co.uk/01-galaxie_500/show_assets/1989-04-03/galaxie-500-1989-04-03-poster.jpg,,,
galaxie-500,Galaxie 500,1989,Tue Apr 04 1989 00:00:00 GMT+0100 (British Summer Time),,,"Masonic Temple, Pittsburgh, PA, USA",,,Dean Wareham - guitar/vocals|Naomi Yang - bass/vocals|Damon Krukowski - drums,,,,,,,
galaxie-500,Galaxie 500,1989,Thu Apr 06 1989 00:00:00 GMT+0100 (British Summer Time),,,"9:30 Club, Washington DC, USA",,,Dean Wareham - guitar/vocals|Naomi Yang - bass/vocals|Damon Krukowski - drums,,,,,,,DW: “Opening for Throwing Muses”
galaxie-500,Galaxie 500,1989,Sat Apr 08 1989 00:00:00 GMT+0100 (British Summer Time),,,"Maxwell's, Hoboken, NJ, USA",,,Dean Wareham - guitar/vocals|Naomi Yang - bass/vocals|Damon Krukowski - drums,,,,,,,DW: “Opening for Christmas”
galaxie-500,Galaxie 500,1989,Fri Apr 21 1989 00:00:00 GMT+0100 (British Summer Time),,,"Commonwealth School, Boston MA, USA",,,Dean Wareham - guitar/vocals|Naomi Yang - bass/vocals|Damon Krukowski - drums,,,,,,,
galaxie-500,Galaxie 500,1989,Fri Apr 28 1989 00:00:00 GMT+0100 (British Summer Time),,,"The Pyramid, New York, NY, USA",,,Dean Wareham - guitar/vocals|Naomi Yang - bass/vocals|Damon Krukowski - drums,,,,,,,
galaxie-500,Galaxie 500,1989,Sat Apr 29 1989 00:00:00 GMT+0100 (British Summer Time),,,"Rat, Boston MA, USA",,,Dean Wareham - guitar/vocals|Naomi Yang - bass/vocals|Damon Krukowski - drums,Flowers|When Will You Come Home|Plastic Bird|Ceremony|Temperature's Rising|Strange|Rain|Don't Let Our Youth Go to Waste|Tugboat,,,,,,
galaxie-500,Galaxie 500,1989,Fri May 12 1989 00:00:00 GMT+0100 (British Summer Time),,,"TT The Bear's, Cambridge, MA, USA",,,Dean Wareham - guitar/vocals|Naomi Yang - bass/vocals|Damon Krukowski - drums,,,,,,,
galaxie-500,Galaxie 500,1989,Sat May 13 1989 00:00:00 GMT+0100 (British Summer Time),,,"CBGBs, New York, NY, USA",,,Dean Wareham - guitar/vocals|Naomi Yang - bass/vocals|Damon Krukowski - drums,,,,,,,
galaxie-500,Galaxie 500,1989,Sat May 20 1989 00:00:00 GMT+0100 (British Summer Time),,,"The Channel, Boston, MA, USA",,,Dean Wareham - guitar/vocals|Naomi Yang - bass/vocals|Damon Krukowski - drums,,,,,,,DW: “opening for Bullet LaVolta”
galaxie-500,Galaxie 500,1989,Fri Jun 02 1989 00:00:00 GMT+0100 (British Summer Time),,,"The Living Room, Providence, RI, USA",,,Dean Wareham - guitar/vocals|Naomi Yang - bass/vocals|Damon Krukowski - drums,,,,,,,
galaxie-500,Galaxie 500,1989,Fri Jul 07 1989 00:00:00 GMT+0100 (British Summer Time),,,"Sideshows by the Seashore, Coney Island NY, USA",,,Dean Wareham - guitar/vocals|Naomi Yang - bass/vocals|Damon Krukowski - drums,,,,,,,
galaxie-500,Galaxie 500,1989,Mon Jul 17 1989 00:00:00 GMT+0100 (British Summer Time),,,"Nightingale Bar, New York NY, USA",,,Dean Wareham - guitar/vocals|Naomi Yang - bass/vocals|Damon Krukowski - drums,,,,,,,
galaxie-500,Galaxie 500,1989,Wed Jul 19 1989 00:00:00 GMT+0100 (British Summer Time),,,"Pyramid, New York NY, USA",,,Dean Wareham - guitar/vocals|Naomi Yang - bass/vocals|Damon Krukowski - drums,Plastic Bird|Blue Thunder|Don't Let Our Youth Go to Waste|Decomposing Trees|Temperature's Rising|Ceremony,,,,,,
galaxie-500,Galaxie 500,1989,Mon Jul 31 1989 00:00:00 GMT+0100 (British Summer Time),,,"Bunratty's, Allston, MA, USA",,,Dean Wareham - guitar/vocals|Naomi Yang - bass/vocals|Damon Krukowski - drums,,,,,,,
galaxie-500,Galaxie 500,1989,Sat Sep 23 1989 00:00:00 GMT+0100 (British Summer Time),,,"The White Hart, Tulse Hill, London, UK",,,Dean Wareham - guitar/vocals|Naomi Yang - bass/vocals|Damon Krukowski - drums,,,,https://media.fullofwishes.co.uk/01-galaxie_500/show_assets/1989-09-23/1989-09-23-galaxie-500-the-white-hart-tulse-hill-window-notice.jpg,,,Secret gigDW: “a pub in Tulse Hill”
galaxie-500,Galaxie 500,1989,Sun Sep 24 1989 00:00:00 GMT+0100 (British Summer Time),,,"BBC Radio One, London, UK",Radio session,,Dean Wareham - guitar/vocals|Naomi Yang - bass/vocals|Damon Krukowski - drums,Flowers|Blue Thunder|Decomposing Trees|Don't Let Our Youth Go to Waste,,,,,,John Peel Session&lt;ul&gt;&lt;li&gt;Recorded: 24 September 1989&lt;/li&gt;&lt;li&gt;Transmitted: 17 October 1989&lt;/li&gt;&lt;/ul&gt;
galaxie-500,Galaxie 500,1989,Tue Sep 26 1989 00:00:00 GMT+0100 (British Summer Time),,,"ICA, London, UK",,,Dean Wareham - guitar/vocals|Naomi Yang - bass/vocals|Damon Krukowski - drums,Flowers|Blue Thunder|Decomposing Trees|Don't Let Our Youth Go to Waste|Temperature's Rising|Snowstorm|Plastic Bird|When Will You Come Home|Ceremony|Tugboat|Rain,,,https://media.fullofwishes.co.uk/01-galaxie_500/show_assets/1989-09-26/19890926_flyer_lori.jpg,,,Supported by The Family Cat
galaxie-500,Galaxie 500,1989,Sat Oct 14 1989 00:00:00 GMT+0100 (British Summer Time),,,"Green Street Station, Jamaica Plain, MA, USA",,,Dean Wareham - guitar/vocals|Naomi Yang - bass/vocals|Damon Krukowski - drums,,,,,,,
galaxie-500,Galaxie 500,1989,Mon Oct 16 1989 00:00:00 GMT+0100 (British Summer Time),,,"Bunratty's, Boston, MA, USA",,,Dean Wareham - guitar/vocals|Naomi Yang - bass/vocals|Damon Krukowski - drums,,,,,,,
galaxie-500,Galaxie 500,1989,Sat Oct 21 1989 00:00:00 GMT+0100 (British Summer Time),,,"The Rocket, Providence, RI, USA",,,Dean Wareham - guitar/vocals|Naomi Yang - bass/vocals|Damon Krukowski - drums,,,,,,,
galaxie-500,Galaxie 500,1989,Mon Nov 06 1989 00:00:00 GMT+0000 (Greenwich Mean Time),,,"Basement, Brighton, UK",,,Dean Wareham - guitar/vocals|Naomi Yang - bass/vocals|Damon Krukowski - drums,Temperature's Rising|Snowstorm|Decomposing Trees|Plastic Bird|Blue Thunder|Flowers|Don't Let Our Youth Go to Waste|When Will You Come Home,,,https://media.fullofwishes.co.uk/01-galaxie_500/show_assets/1989-11-06/1989-11-06-galaxie-500-brighton-flyer.jpg,,,Incomplete setlist
galaxie-500,Galaxie 500,1989,Wed Nov 08 1989 00:00:00 GMT+0000 (Greenwich Mean Time),,,"Powerhaus, London, UK",,,Dean Wareham - guitar/vocals|Naomi Yang - bass/vocals|Damon Krukowski - drums,,,,,,,
galaxie-500,Galaxie 500,1989,Thu Nov 09 1989 00:00:00 GMT+0000 (Greenwich Mean Time),,,"Boardwalk, Manchester, UK",,,Dean Wareham - guitar/vocals|Naomi Yang - bass/vocals|Damon Krukowski - drums,,,,,,,
galaxie-500,Galaxie 500,1989,Fri Nov 10 1989 00:00:00 GMT+0000 (Greenwich Mean Time),,,"Polytechnic, Wolverhampton, UK",,,Dean Wareham - guitar/vocals|Naomi Yang - bass/vocals|Damon Krukowski - drums,,,,,,,
galaxie-500,Galaxie 500,1989,Mon Nov 13 1989 00:00:00 GMT+0000 (Greenwich Mean Time),,,"Take 2, Sheffield, UK",,,Dean Wareham - guitar/vocals|Naomi Yang - bass/vocals|Damon Krukowski - drums,,,,,,,
galaxie-500,Galaxie 500,1989,Wed Nov 15 1989 00:00:00 GMT+0000 (Greenwich Mean Time),,,"Burgerweehuis, Deventer, Netherlands",,,Dean Wareham - guitar/vocals|Naomi Yang - bass/vocals|Damon Krukowski - drums,,,,,,,
galaxie-500,Galaxie 500,1989,Thu Nov 16 1989 00:00:00 GMT+0000 (Greenwich Mean Time),,,"Vera, Groningen, Netherlands",,,Dean Wareham - guitar/vocals|Naomi Yang - bass/vocals|Damon Krukowski - drums,,,,,,,
galaxie-500,Galaxie 500,1989,Fri Nov 17 1989 00:00:00 GMT+0000 (Greenwich Mean Time),,,"(unknown), Haarlem, Netherlands",,,Dean Wareham - guitar/vocals|Naomi Yang - bass/vocals|Damon Krukowski - drums,,,,,,,unconfirmed
galaxie-500,Galaxie 500,1989,Sat Nov 18 1989 00:00:00 GMT+0000 (Greenwich Mean Time),,,"Melkweg, Amsterdam, Netherlands",,,Dean Wareham - guitar/vocals|Naomi Yang - bass/vocals|Damon Krukowski - drums,,,,,,,
galaxie-500,Galaxie 500,1989,Mon Nov 20 1989 00:00:00 GMT+0000 (Greenwich Mean Time),,,"(unknown), Brussels, Belgium",,,Dean Wareham - guitar/vocals|Naomi Yang - bass/vocals|Damon Krukowski - drums,,,,,,,
galaxie-500,Galaxie 500,1989,Tue Nov 21 1989 00:00:00 GMT+0000 (Greenwich Mean Time),,,"Moon Club, Paris, France",,,Dean Wareham - guitar/vocals|Naomi Yang - bass/vocals|Damon Krukowski - drums,,,,,,,
galaxie-500,Galaxie 500,1989,Thu Nov 23 1989 00:00:00 GMT+0000 (Greenwich Mean Time),,,"(unknown), Lausanne, Switzerland",,,Dean Wareham - guitar/vocals|Naomi Yang - bass/vocals|Damon Krukowski - drums,,,,,,,
galaxie-500,Galaxie 500,1989,Fri Nov 24 1989 00:00:00 GMT+0000 (Greenwich Mean Time),,,"(unknown), Basle, Switzerland",,,Dean Wareham - guitar/vocals|Naomi Yang - bass/vocals|Damon Krukowski - drums,,,,,,,
galaxie-500,Galaxie 500,1989,Sat Nov 25 1989 00:00:00 GMT+0000 (Greenwich Mean Time),,,"(unknown), Unterschwarzbach, Germany",,,Dean Wareham - guitar/vocals|Naomi Yang - bass/vocals|Damon Krukowski - drums,,,,,,,
galaxie-500,Galaxie 500,1989,Sun Nov 26 1989 00:00:00 GMT+0000 (Greenwich Mean Time),,,"Trust, Nurenburg, Germany",,,Dean Wareham - guitar/vocals|Naomi Yang - bass/vocals|Damon Krukowski - drums,Flowers|Tell Me|Decomposing Trees|Snowstorm|Plastic Bird|Temperature's Rising|Don't Let Our Youth Go to Waste|When Will You Come Home|Blue Thunder|Ceremony|Here She Comes Now,,,,,,
galaxie-500,Galaxie 500,1989,Mon Nov 27 1989 00:00:00 GMT+0000 (Greenwich Mean Time),,,"Cookys, Frankfurt, Germany",,,Dean Wareham - guitar/vocals|Naomi Yang - bass/vocals|Damon Krukowski - drums,,,,,,,
galaxie-500,Galaxie 500,1989,Tue Nov 28 1989 00:00:00 GMT+0000 (Greenwich Mean Time),,,"Nachtwerk, Munich, Germany",,,Dean Wareham - guitar/vocals|Naomi Yang - bass/vocals|Damon Krukowski - drums,,,,,,,
galaxie-500,Galaxie 500,1989,Wed Nov 29 1989 00:00:00 GMT+0000 (Greenwich Mean Time),,,"Schwimmbad, Heidelberg, Germany",,,Dean Wareham - guitar/vocals|Naomi Yang - bass/vocals|Damon Krukowski - drums,Flowers|Pictures|Decomposing Trees|Snowstorm|When Will You Come Home|Temperature's Rising|Don't Let Our Youth Go to Waste|Blue Thunder|Ceremony,recording,,,,,
galaxie-500,Galaxie 500,1989,Fri Dec 01 1989 00:00:00 GMT+0000 (Greenwich Mean Time),,,"Ecstacy, Berlin, Germany",,,Dean Wareham - guitar/vocals|Naomi Yang - bass/vocals|Damon Krukowski - drums,,,,,,,
galaxie-500,Galaxie 500,1989,Sat Dec 02 1989 00:00:00 GMT+0000 (Greenwich Mean Time),,,"Forum, Enger, Germany",,,Dean Wareham - guitar/vocals|Naomi Yang - bass/vocals|Damon Krukowski - drums,Flowers|Pictures|Decomposing Trees|Snowstorm|Temperature's Rising|Don't Let Our Youth Go to Waste|Plastic Bird|Victory Garden|When Will You Come Home|Blue Thunder|Ceremony|Here She Comes Now|Tugboat|Rain,,,,,,
galaxie-500,Galaxie 500,1989,Sun Dec 03 1989 00:00:00 GMT+0000 (Greenwich Mean Time),,,"Rose Club, Cologne, Germany",,,Dean Wareham - guitar/vocals|Naomi Yang - bass/vocals|Damon Krukowski - drums,,,,,,,
galaxie-500,Galaxie 500,1989,Mon Dec 04 1989 00:00:00 GMT+0000 (Greenwich Mean Time),,,"(unknown), Hamburg, Germany",,,Dean Wareham - guitar/vocals|Naomi Yang - bass/vocals|Damon Krukowski - drums,,,,,,,Venue: Kir or Mitternacht
galaxie-500,Galaxie 500,1989,Wed Dec 06 1989 00:00:00 GMT+0000 (Greenwich Mean Time),,,"Riverside, Newcastle, UK",,,Dean Wareham - guitar/vocals|Naomi Yang - bass/vocals|Damon Krukowski - drums,Decomposing Trees|Snowstorm|Flowers|Pictures|Temperature's Rising|Plastic Bird|Blue Thunder|When Will You Come Home|Ceremony|Tugboat,,,,,,
galaxie-500,Galaxie 500,1989,Thu Dec 07 1989 00:00:00 GMT+0000 (Greenwich Mean Time),,,"Venue, Edinburgh, UK",,,Dean Wareham - guitar/vocals|Naomi Yang - bass/vocals|Damon Krukowski - drums,,,,,,,
galaxie-500,Galaxie 500,1989,Fri Dec 08 1989 00:00:00 GMT+0000 (Greenwich Mean Time),,,"Tech, Glasgow, UK",,,Dean Wareham - guitar/vocals|Naomi Yang - bass/vocals|Damon Krukowski - drums,Decomposing Trees|Snowstorm|Flowers|Victory Garden|Temperature's Rising|Don't Let Our Youth Go to Waste|Here She Comes Now|When Will You Come Home|Blue Thunder|Ceremony,,,,,,
galaxie-500,Galaxie 500,1989,Mon Dec 11 1989 00:00:00 GMT+0000 (Greenwich Mean Time),,,"Premises, Norwich, UK",,,Dean Wareham - guitar/vocals|Naomi Yang - bass/vocals|Damon Krukowski - drums,,,,,,,
galaxie-500,Galaxie 500,1989,Tue Dec 12 1989 00:00:00 GMT+0000 (Greenwich Mean Time),,,"Winkles, Bedford, UK",,,Dean Wareham - guitar/vocals|Naomi Yang - bass/vocals|Damon Krukowski - drums,,,,,,,
galaxie-500,Galaxie 500,1989,Wed Dec 13 1989 00:00:00 GMT+0000 (Greenwich Mean Time),,,"Subterania, London, UK",,,Dean Wareham - guitar/vocals|Naomi Yang - bass/vocals|Damon Krukowski - drums,Decomposing Trees|Snowstorm|Flowers|Pictures|Plastic Bird|Temperature's Rising|Don't Let Our Youth Go to Waste|When Will You Come Home|Blue Thunder|Ceremony|Tugboat,,,,,,
galaxie-500,Galaxie 500,1990,Wed Jan 17 1990 00:00:00 GMT+0000 (Greenwich Mean Time),,,"Night Stage, Cambridge MA, USA",,,Dean Wareham - guitar/vocals|Naomi Yang - bass/vocals|Damon Krukowski - drums,Flowers|Snowstorm|Decomposing Trees|Plastic Bird|Temperature's Rising|Don't Let Our Youth Go to Waste|Blue Thunder|When Will You Come Home|Ceremony|Tugboat,,,,,,
galaxie-500,Galaxie 500,1990,Thu Jan 18 1990 00:00:00 GMT+0000 (Greenwich Mean Time),,,"Pearl Street, Northampton, MA, USA",,,Dean Wareham - guitar/vocals|Naomi Yang - bass/vocals|Damon Krukowski - drums,,,,,,,
galaxie-500,Galaxie 500,1990,Fri Jan 19 1990 00:00:00 GMT+0000 (Greenwich Mean Time),,,"Knitting Factory, New York NY, USA",,,Dean Wareham - guitar/vocals|Naomi Yang - bass/vocals|Damon Krukowski - drums,Plastic Bird|Snowstorm|Decomposing Trees|Victory Garden|Temperature's Rising|Don't Let Our Youth Go to Waste|Blue Thunder|When Will You Come Home|Ceremony,,,,,,
galaxie-500,Galaxie 500,1990,Tue Jan 23 1990 00:00:00 GMT+0000 (Greenwich Mean Time),,,"The 40 Watt Club, Athens, GA, USA",,,Dean Wareham - guitar/vocals|Naomi Yang - bass/vocals|Damon Krukowski - drums,Decomposing Trees|Snowstorm|Flowers|Blue Thunder|Plastic Bird|Pictures|When Will You Come Home|Don't Let Our Youth Go to Waste|Here She Comes Now,,,,,,Setlist source: recording
galaxie-500,Galaxie 500,1990,Fri Feb 02 1990 00:00:00 GMT+0000 (Greenwich Mean Time),,,"Queen Margaret Union, Glasgow, UK",,,Dean Wareham - guitar/vocals|Naomi Yang - bass/vocals|Damon Krukowski - drums,,,,,,,Supporting The Sundays
galaxie-500,Galaxie 500,1990,Mon Feb 05 1990 00:00:00 GMT+0000 (Greenwich Mean Time),,,"Irish Centre, Birmingham, UK",,,Dean Wareham - guitar/vocals|Naomi Yang - bass/vocals|Damon Krukowski - drums,,,,,,,Supporting The Sundays
galaxie-500,Galaxie 500,1990,Tue Feb 06 1990 00:00:00 GMT+0000 (Greenwich Mean Time),,,"Leicester University, Leicester, UK",,,Dean Wareham - guitar/vocals|Naomi Yang - bass/vocals|Damon Krukowski - drums,,,,,,,Supporting The Sundays
galaxie-500,Galaxie 500,1990,Wed Feb 07 1990 00:00:00 GMT+0000 (Greenwich Mean Time),,,"Bierkeller, Bristol, UK",,,Dean Wareham - guitar/vocals|Naomi Yang - bass/vocals|Damon Krukowski - drums,,,,,,,Supporting The Sundays
galaxie-500,Galaxie 500,1990,Fri Feb 09 1990 00:00:00 GMT+0000 (Greenwich Mean Time),,,"Manchester University, Manchester, UK",,,Dean Wareham - guitar/vocals|Naomi Yang - bass/vocals|Damon Krukowski - drums,,,,,,,Supporting The Sundays
galaxie-500,Galaxie 500,1990,Sat Feb 10 1990 00:00:00 GMT+0000 (Greenwich Mean Time),,,"Trent Polytechnic, Nottingham, UK",,,Dean Wareham - guitar/vocals|Naomi Yang - bass/vocals|Damon Krukowski - drums,,,,,,,Supporting The Sundays
galaxie-500,Galaxie 500,1990,Sun Feb 11 1990 00:00:00 GMT+0000 (Greenwich Mean Time),,,"Falcon, London, UK",,,Dean Wareham - guitar/vocals|Naomi Yang - bass/vocals|Damon Krukowski - drums,Decomposing Trees|Snowstorm|Plastic Bird|Here She Comes Now|Don't Let Our Youth Go to Waste|Pictures|Flowers|When Will You Come Home|Victory Garden|Ceremony|Temperature's Rising,,,,,,
galaxie-500,Galaxie 500,1990,Mon Feb 19 1990 00:00:00 GMT+0000 (Greenwich Mean Time),,,"TT the Bears, Cambridge MA, USA",,,Dean Wareham - guitar/vocals|Naomi Yang - bass/vocals|Damon Krukowski - drums,Here She Comes Now|Blue Thunder|Victory Garden|Decomposing Trees|When Will You Come Home|Flowers|Temperature's Rising|Ceremony|Don't Let Our Youth Go to Waste|Pictures,,,,,,
galaxie-500,Galaxie 500,1990,Sat Feb 24 1990 00:00:00 GMT+0000 (Greenwich Mean Time),,,"Maxwells, Hoboken NJ, USA",,,Dean Wareham - guitar/vocals|Naomi Yang - bass/vocals|Damon Krukowski - drums,Decomposing Trees|Snowstorm|Flowers|Temperature's Rising|Don't Let Our Youth Go to Waste|Blue Thunder|Ceremony|Here She Comes Now,,,,,,
galaxie-500,Galaxie 500,1990,Fri Mar 16 1990 00:00:00 GMT+0000 (Greenwich Mean Time),,,"Paradise, Boston MA, USA",,,Dean Wareham - guitar/vocals|Naomi Yang - bass/vocals|Damon Krukowski - drums,Decomposing Trees|Here She Comes Now|Flowers|When Will You Come Home|Temperature's Rising|Plastic Bird|Blue Thunder|Ceremony|Snowstorm|Don't Let Our Youth Go to Waste,,,,,,
galaxie-500,Galaxie 500,1990,Fri Mar 23 1990 00:00:00 GMT+0000 (Greenwich Mean Time),,,"Rocket, Providence RI, USA",,,Dean Wareham - guitar/vocals|Naomi Yang - bass/vocals|Damon Krukowski - drums,Blue Thunder|Decomposing Trees|Flowers|Temperature's Rising|Summertime|When Will You Come Home|Don't Let Our Youth Go to Waste|Snowstorm|Here She Comes Now|Ceremony,,,,,,
galaxie-500,Galaxie 500,1990,Sun Mar 25 1990 00:00:00 GMT+0000 (Greenwich Mean Time),,,"Cactus Club, San Jose CA, USA",,,Dean Wareham - guitar/vocals|Naomi Yang - bass/vocals|Damon Krukowski - drums,Decomposing Trees|Snowstorm|Flowers|Summertime|Temperature's Rising|Blue Thunder|When Will You Come Home,,,,,,Setlist source: scanned setlist
galaxie-500,Galaxie 500,1990,Wed Mar 28 1990 00:00:00 GMT+0100 (British Summer Time),,,"Kennel Club, San Francisco CA, USA",,,Dean Wareham - guitar/vocals|Naomi Yang - bass/vocals|Damon Krukowski - drums,,,,,,,
galaxie-500,Galaxie 500,1990,Fri Mar 30 1990 00:00:00 GMT+0100 (British Summer Time),,,"Club Lingerie, Los Angeles CA, USA",,,Dean Wareham - guitar/vocals|Naomi Yang - bass/vocals|Damon Krukowski - drums,,,,,,,
galaxie-500,Galaxie 500,1990,Sun Apr 01 1990 00:00:00 GMT+0100 (British Summer Time),,,"Bogart's, Los Angeles, CA, USA",,,Dean Wareham - guitar/vocals|Naomi Yang - bass/vocals|Damon Krukowski - drums,,,,,,,
galaxie-500,Galaxie 500,1990,Sat Jun 16 1990 00:00:00 GMT+0100 (British Summer Time),,,"CBGB's, New York, NY, USA",,,Dean Wareham - guitar/vocals|Naomi Yang - bass/vocals|Damon Krukowski - drums,,,,,,,
galaxie-500,Galaxie 500,1990,Fri Jun 22 1990 00:00:00 GMT+0100 (British Summer Time),,,"Glastonbury Festival, Glastonbury, UK",,,Dean Wareham - guitar/vocals|Naomi Yang - bass/vocals|Damon Krukowski - drums,,,,,,,
galaxie-500,Galaxie 500,1990,Sat Jun 23 1990 00:00:00 GMT+0100 (British Summer Time),,,"Bizarre Festival, Lorelei, Germany",,,Dean Wareham - guitar/vocals|Naomi Yang - bass/vocals|Damon Krukowski - drums,,,,,,,
galaxie-500,Galaxie 500,1990,Tue Jun 26 1990 00:00:00 GMT+0100 (British Summer Time),,,"International 1, Manchester, UK",,,Dean Wareham - guitar/vocals|Naomi Yang - bass/vocals|Damon Krukowski - drums,Fourth of July|Spook|Decomposing Trees|Flowers|Melt Away|Summertime|Snowstorm|When Will You Come Home|Ceremony|Don't Let Our Youth Go to Waste|Victory Garden,recording,,,,,
galaxie-500,Galaxie 500,1990,Wed Jun 27 1990 00:00:00 GMT+0100 (British Summer Time),,,"Subterania, London, UK",,,Dean Wareham - guitar/vocals|Naomi Yang - bass/vocals|Damon Krukowski - drums,,,,,,,
galaxie-500,Galaxie 500,1990,Fri Jun 29 1990 00:00:00 GMT+0100 (British Summer Time),,,"Roskilde Festival, Roskilde, Denmark",,,Dean Wareham - guitar/vocals|Naomi Yang - bass/vocals|Damon Krukowski - drums,Fourth of July|Decomposing Trees|Flowers|Melt Away|Summertime|Snowstorm|When Will You Come Home|Ceremony|Don't Let Our Youth Go to Waste,,,,,,
galaxie-500,Galaxie 500,1990,Mon Jul 16 1990 00:00:00 GMT+0100 (British Summer Time),,,"Woody's, New York, NY, USA",,,Dean Wareham - guitar/vocals|Naomi Yang - bass/vocals|Damon Krukowski - drums,,,,,,,New Music Seminar
galaxie-500,Galaxie 500,1990,Wed Oct 10 1990 00:00:00 GMT+0100 (British Summer Time),,,"Paradise Rock Club, Boston, MA, USA",,,Dean Wareham - guitar/vocals|Naomi Yang - bass/vocals|Damon Krukowski - drums,,,,,,,
galaxie-500,Galaxie 500,1990,Thu Oct 11 1990 00:00:00 GMT+0100 (British Summer Time),,,"The Point, Atlanta, GA, USA",,,Dean Wareham - guitar/vocals|Naomi Yang - bass/vocals|Damon Krukowski - drums|Peter Buck (REM) - guitar (guest on Don't Let Our Youth Go To Waste),Fourth of July|Hearing Voices|Decomposing Trees|Spook|When Will You Come Home|Summertime|Sorry|Melt Away|Listen The Snow Is Falling|^encore|Don't let Our Youth Go To Waste [with Peter Buck of REM on guitar],https://remtimeline.com/1990.html,,,,,
galaxie-500,Galaxie 500,1990,Fri Oct 12 1990 00:00:00 GMT+0100 (British Summer Time),,,"Lounge Ax, Chicago, IL, USA",,,Dean Wareham - guitar/vocals|Naomi Yang - bass/vocals|Damon Krukowski - drums,,,,,,,
galaxie-500,Galaxie 500,1990,Sat Oct 13 1990 00:00:00 GMT+0100 (British Summer Time),,,"7th Street Entry, Minneapolis, MN, USA",,,Dean Wareham - guitar/vocals|Naomi Yang - bass/vocals|Damon Krukowski - drums,,,,,,,
galaxie-500,Galaxie 500,1990,Mon Oct 15 1990 00:00:00 GMT+0100 (British Summer Time),,,"Kennel Club, San Francisco CA, USA",,,Dean Wareham - guitar/vocals|Naomi Yang - bass/vocals|Damon Krukowski - drums,"Fourth of July|Summertime|Decomposing Trees|When Will You Come Home|Spook|Hearing Voices|Don't Let Our Youth Go to Waste|Melt Away|Listen, the Snow Is Falling|Ceremony|Here She Comes Now|Snowstorm",,,,,,
galaxie-500,Galaxie 500,1990,Tue Oct 16 1990 00:00:00 GMT+0100 (British Summer Time),,,"The Casbah, San Diego, CA, USA",,,Dean Wareham - guitar/vocals|Naomi Yang - bass/vocals|Damon Krukowski - drums,,,,,,,
galaxie-500,Galaxie 500,1990,Wed Oct 17 1990 00:00:00 GMT+0100 (British Summer Time),,,"Club Lingerie, Los Angeles, CA, USA",,,Dean Wareham - guitar/vocals|Naomi Yang - bass/vocals|Damon Krukowski - drums,,,,,,,
galaxie-500,Galaxie 500,1990,Fri Oct 19 1990 00:00:00 GMT+0100 (British Summer Time),,,"CBGBs, New York NY, USA",,,Dean Wareham - guitar/vocals|Naomi Yang - bass/vocals|Damon Krukowski - drums,"Fourth of July|Summertime|Decomposing Trees|When Will You Come Home|Hearing Voices|Don't Let Our Youth Go to Waste|Spook|Listen, the Snow Is Falling|Melt Away|Snowstorm|Here She Comes Now",,,,,,
galaxie-500,Galaxie 500,1990,Sat Oct 20 1990 00:00:00 GMT+0100 (British Summer Time),,,"9:30 Club, Washington DC, USA",,,Dean Wareham - guitar/vocals|Naomi Yang - bass/vocals|Damon Krukowski - drums,,,,,,,
galaxie-500,Galaxie 500,1990,Thu Nov 01 1990 00:00:00 GMT+0000 (Greenwich Mean Time),,,"Riverside, Newcastle, UK",,,Dean Wareham - guitar/vocals|Naomi Yang - bass/vocals|Damon Krukowski - drums,,,,,,,Supporting The Sundays
galaxie-500,Galaxie 500,1990,Thu Nov 01 1990 00:00:00 GMT+0000 (Greenwich Mean Time),,,"Tower Records, London, UK",,,Dean Wareham - guitar/vocals|Naomi Yang - bass/vocals|Damon Krukowski - guitar/vocals,,,,,,,In store
galaxie-500,Galaxie 500,1990,Fri Nov 02 1990 00:00:00 GMT+0000 (Greenwich Mean Time),,,"The Venue, Edinburgh, UK",,,Dean Wareham - guitar/vocals|Naomi Yang - bass/vocals|Damon Krukowski - drums,,,,,,,
galaxie-500,Galaxie 500,1990,Sat Nov 03 1990 00:00:00 GMT+0000 (Greenwich Mean Time),,,"College of Building and Printing, Glasgow, UK",,,Dean Wareham - guitar/vocals|Naomi Yang - bass/vocals|Damon Krukowski - drums,"Fourth of July|Summertime|Hearing Voices|Decomposing Trees|When Will You Come Home|Spook|Listen, the Snow Is Falling|Blue Thunder|Melt Away|Ceremony|Don't Let Our Youth Go to Waste",,,,,,
galaxie-500,Galaxie 500,1990,Sun Nov 04 1990 00:00:00 GMT+0000 (Greenwich Mean Time),,,"BBC Radio One, London, UK",Radio session,,Dean Wareham - guitar/vocals|Naomi Yang - bass/vocals|Damon Krukowski - drums,Moonshot|Submission|When Will You Come Home|Final Day,,,,,,John Peel Session&lt;ul&gt;&lt;li&gt;Recorded: 30 October 1990&lt;/li&gt;&lt;li&gt;Transmitted: 4 November 1990&lt;/li&gt;&lt;/ul&gt;
galaxie-500,Galaxie 500,1990,Sun Nov 04 1990 00:00:00 GMT+0000 (Greenwich Mean Time),,,"Dance Factory, Dundee, UK",,,Dean Wareham - guitar/vocals|Naomi Yang - bass/vocals|Damon Krukowski - drums,,,,,,,
galaxie-500,Galaxie 500,1990,Tue Nov 06 1990 00:00:00 GMT+0000 (Greenwich Mean Time),,,"Liverpool Polytechnic, Liverpool, UK",,,Dean Wareham - guitar/vocals|Naomi Yang - bass/vocals|Damon Krukowski - drums,,,,,,,
galaxie-500,Galaxie 500,1990,Wed Nov 07 1990 00:00:00 GMT+0000 (Greenwich Mean Time),,,"Leicester University, Leicester, UK",,,Dean Wareham - guitar/vocals|Naomi Yang - bass/vocals|Damon Krukowski - drums,,,,,,,
galaxie-500,Galaxie 500,1990,Fri Nov 09 1990 00:00:00 GMT+0000 (Greenwich Mean Time),,,"Waterfront, Norwich, UK",,,Dean Wareham - guitar/vocals|Naomi Yang - bass/vocals|Damon Krukowski - drums,,,,,,,
galaxie-500,Galaxie 500,1990,Sat Nov 10 1990 00:00:00 GMT+0000 (Greenwich Mean Time),,,"Leadmill, Sheffield, UK",,,Dean Wareham - guitar/vocals|Naomi Yang - bass/vocals|Damon Krukowski - drums,,,,,,,
galaxie-500,Galaxie 500,1990,Sun Nov 11 1990 00:00:00 GMT+0000 (Greenwich Mean Time),,,"Bierkeller, Bristol, UK",,,Dean Wareham - guitar/vocals|Naomi Yang - bass/vocals|Damon Krukowski - drums,,,,,,,
galaxie-500,Galaxie 500,1990,Tue Nov 13 1990 00:00:00 GMT+0000 (Greenwich Mean Time),,,"Goldwyns, Birmingham, UK",,,Dean Wareham - guitar/vocals|Naomi Yang - bass/vocals|Damon Krukowski - drums,,,,,,,
galaxie-500,Galaxie 500,1990,Wed Nov 14 1990 00:00:00 GMT+0000 (Greenwich Mean Time),,,"International, Manchester, UK",,,Dean Wareham - guitar/vocals|Naomi Yang - bass/vocals|Damon Krukowski - drums,,,,,,,
galaxie-500,Galaxie 500,1990,Thu Nov 15 1990 00:00:00 GMT+0000 (Greenwich Mean Time),,,"ULU, London, UK",,,Dean Wareham - guitar/vocals|Naomi Yang - bass/vocals|Damon Krukowski - drums,"Decomposing Trees|Fourth of July|Hearing Voices|Summertime|Don't Let Our Youth Go to Waste|Spook|When Will You Come Home|Sorry|Melt Away|Listen, the Snow Is Falling|Blue Thunder|Here She Comes Now|Ceremony",,,,,,
galaxie-500,Galaxie 500,1990,Mon Nov 19 1990 00:00:00 GMT+0000 (Greenwich Mean Time),,,"New Morning, Paris, France",,,Dean Wareham - guitar/vocals|Naomi Yang - bass/vocals|Damon Krukowski - drums,,,,,,,
galaxie-500,Galaxie 500,1990,Wed Nov 21 1990 00:00:00 GMT+0000 (Greenwich Mean Time),,,"Trefcentrum VK, Brussels, Belgium",,,Dean Wareham - guitar/vocals|Naomi Yang - bass/vocals|Damon Krukowski - drums,"Blue Thunder|Fourth of July|Hearing Voices|Decomposing Trees|Summertime|Don't Let Our Youth Go to Waste|Spook|When Will You Come Home|Sorry|Melt Away|Listen, the Snow Is Falling",,,,,,
galaxie-500,Galaxie 500,1990,Sat Nov 24 1990 00:00:00 GMT+0000 (Greenwich Mean Time),,,"Philipshalle, Dusseldorf, Germany",,,Dean Wareham - guitar/vocals|Naomi Yang - bass/vocals|Damon Krukowski - drums,"Decomposing Trees|Fourth of July|When Will You Come Home|Don't Let Our Youth Go to Waste|Listen, the Snow Is Falling",,,,,,
galaxie-500,Galaxie 500,1990,Mon Nov 26 1990 00:00:00 GMT+0000 (Greenwich Mean Time),,,"Batschkapp, Frankfurt, Germany",,,Dean Wareham - guitar/vocals|Naomi Yang - bass/vocals|Damon Krukowski - drums,"Decomposing Trees|Fourth of July|Hearing Voices|Blue Thunder|Summertime|Sorry|When Will You Come Home|Spook|Listen, the Snow Is Falling|Melt Away|Here She Comes Now|Ceremony",,,,,,Setlist source: recording
galaxie-500,Galaxie 500,1990,Tue Nov 27 1990 00:00:00 GMT+0000 (Greenwich Mean Time),,,"Nachtwerk, Munich, Germany",,,Dean Wareham - guitar/vocals|Naomi Yang - bass/vocals|Damon Krukowski - drums,,,,,,,
galaxie-500,Galaxie 500,1990,Thu Nov 29 1990 00:00:00 GMT+0000 (Greenwich Mean Time),,,"Loft, Berlin, Germany",,,Dean Wareham - guitar/vocals|Naomi Yang - bass/vocals|Damon Krukowski - drums,,,,,,,
galaxie-500,Galaxie 500,1990,Fri Nov 30 1990 00:00:00 GMT+0000 (Greenwich Mean Time),,,"Kin and Zilo, Hamburg, Germany",,,Dean Wareham - guitar/vocals|Naomi Yang - bass/vocals|Damon Krukowski - drums,,,,,,,
galaxie-500,Galaxie 500,1990,Sat Dec 01 1990 00:00:00 GMT+0000 (Greenwich Mean Time),,,"Barbue, Copenhagen, Denmark",,,Dean Wareham - guitar/vocals|Naomi Yang - bass/vocals|Damon Krukowski - drums,"Decomposing Trees|Fourth of July|Summertime|Sorry|When Will You Come Home|Spook|Listen, the Snow Is Falling|Here She Comes Now|Don't Let Our Youth Go to Waste",,,,,,This show was officially released as the album “Copenhagen
galaxie-500,Galaxie 500,1991,Tue Mar 12 1991 00:00:00 GMT+0000 (Greenwich Mean Time),,,"American Theater, St Louis, MO, USA",,,Dean Wareham - guitar/vocals|Naomi Yang - bass/vocals|Damon Krukowski - drums,,,,,,,
galaxie-500,Galaxie 500,1991,Thu Mar 14 1991 00:00:00 GMT+0000 (Greenwich Mean Time),,,"Avalon Ballroom, Houston TX, USA",,,Dean Wareham - guitar/vocals|Naomi Yang - bass/vocals|Damon Krukowski - drums,,,,,,,
galaxie-500,Galaxie 500,1991,Fri Mar 15 1991 00:00:00 GMT+0000 (Greenwich Mean Time),,,"Metroplex Arena, Dallas, TX, USA",,,Dean Wareham - guitar/vocals|Naomi Yang - bass/vocals|Damon Krukowski - drums,,,,,,,
galaxie-500,Galaxie 500,1991,Sun Mar 17 1991 00:00:00 GMT+0000 (Greenwich Mean Time),,,"Bren Events Center, Irvine CA, USA",,,Dean Wareham - guitar/vocals|Naomi Yang - bass/vocals|Damon Krukowski - drums,,,,,,,
galaxie-500,Galaxie 500,1991,Mon Mar 18 1991 00:00:00 GMT+0000 (Greenwich Mean Time),,,"Bren Events Center, Irvine CA, USA",,,Dean Wareham - guitar/vocals|Naomi Yang - bass/vocals|Damon Krukowski - drums,,,,,,,Supporting The Cocteau Twins
galaxie-500,Galaxie 500,1991,Mon Mar 18 1991 00:00:00 GMT+0000 (Greenwich Mean Time),,,"Bren Events Center, Irvine CA, USA",,,Dean Wareham - guitar/vocals|Naomi Yang - bass/vocals|Damon Krukowski - drums,,,,,,,Supporting The Cocteau Twins
galaxie-500,Galaxie 500,1991,Mon Mar 18 1991 00:00:00 GMT+0000 (Greenwich Mean Time),,,"Crawford Hall, Irvine CA, USA",,,Dean Wareham - guitar/vocals|Naomi Yang - bass/vocals|Damon Krukowski - drums,,,,,,,Supporting The Cocteau TwinsOriginally booked in the Bren Events Center.
galaxie-500,Galaxie 500,1991,Wed Mar 20 1991 00:00:00 GMT+0000 (Greenwich Mean Time),,,"Warfield Theater, San Francisco CA, USA",,,Dean Wareham - guitar/vocals|Naomi Yang - bass/vocals|Damon Krukowski - drums,"When Will You Come Home|Flowers|Summertime|Sorry|Melt Away|Listen, the Snow Is Falling",,,,,,
galaxie-500,Galaxie 500,1991,Thu Mar 21 1991 00:00:00 GMT+0000 (Greenwich Mean Time),,,"Warfield Theater, San Francisco CA, USA",,,Dean Wareham - guitar/vocals|Naomi Yang - bass/vocals|Damon Krukowski - drums,"Decomposing Trees|When Will You Come Home|Summertime|Spook|Ceremony|Melt Away|Listen, the Snow Is Falling",,,,,,
galaxie-500,Galaxie 500,1991,Fri Mar 22 1991 00:00:00 GMT+0000 (Greenwich Mean Time),,,"Orpheum Theatre, Vancouver, Canada",,,Dean Wareham - guitar/vocals|Naomi Yang - bass/vocals|Damon Krukowski - drums,,,,,,,Supporting The Cocteau Twins
galaxie-500,Galaxie 500,1991,Sat Mar 23 1991 00:00:00 GMT+0000 (Greenwich Mean Time),,,"Paramount Theatre, Seattle WA, USA",,,Dean Wareham - guitar/vocals|Naomi Yang - bass/vocals|Damon Krukowski - drums,,,,,,,Opening for The Cocteau Twins
galaxie-500,Galaxie 500,1991,Tue Mar 26 1991 00:00:00 GMT+0000 (Greenwich Mean Time),,,"Paramount Theater, Denver CO, USA",,,Dean Wareham - guitar/vocals|Naomi Yang - bass/vocals|Damon Krukowski - drums,,,,,,,Supporting The Cocteau Twins
galaxie-500,Galaxie 500,1991,Thu Mar 28 1991 00:00:00 GMT+0000 (Greenwich Mean Time),,,"Riviera Theater, Chicago IL, USA",,,Dean Wareham - guitar/vocals|Naomi Yang - bass/vocals|Damon Krukowski - drums,,,,,,,Supporting The Cocteau Twins
galaxie-500,Galaxie 500,1991,Fri Mar 29 1991 00:00:00 GMT+0000 (Greenwich Mean Time),,,"Michigan Theater, Ann Arbor MI, USA",,,Dean Wareham - guitar/vocals|Naomi Yang - bass/vocals|Damon Krukowski - drums,,,,,,,Supporting The Cocteau Twins
galaxie-500,Galaxie 500,1991,Sat Mar 30 1991 00:00:00 GMT+0000 (Greenwich Mean Time),,,"Palace Theatre, Columbus, OH, USA",,,Dean Wareham - guitar/vocals|Naomi Yang - bass/vocals|Damon Krukowski - drums,,,,,,,
galaxie-500,Galaxie 500,1991,Mon Apr 01 1991 00:00:00 GMT+0100 (British Summer Time),,,"Towson Center Arena, Towson MD, USA",,,Dean Wareham - guitar/vocals|Naomi Yang - bass/vocals|Damon Krukowski - drums,,,,,,,
galaxie-500,Galaxie 500,1991,Tue Apr 02 1991 00:00:00 GMT+0100 (British Summer Time),,,"Roseland, New York NY, USA",,,Dean Wareham - guitar/vocals|Naomi Yang - bass/vocals|Damon Krukowski - drums,,,,,,,
galaxie-500,Galaxie 500,1991,Wed Apr 03 1991 00:00:00 GMT+0100 (British Summer Time),,,"Walter Brown Arena, Boston MA, USA",,,Dean Wareham - guitar/vocals|Naomi Yang - bass/vocals|Damon Krukowski - drums,,,,,,,Opening for The Cocteau Twins
galaxie-500,Galaxie 500,1991,Fri Apr 05 1991 00:00:00 GMT+0100 (British Summer Time),,,"Bowdoin College, Brunswick ME, USA",,,Dean Wareham - guitar/vocals|Naomi Yang - bass/vocals|Damon Krukowski - drums,,,,https://media.fullofwishes.co.uk/01-galaxie_500/show_assets/1991-04-05/19910405-galaxie-500-bowdoin-college-05.jpg,,,